Question,CoT,Response
Who is Clint Barton?,"Clint Barton is a Marvel Comics character who is most well-known by his alias Hawkeye. To answer this, I need to consider both the comic book version and the Marvel Cinematic Universe (MCU) portrayal. He is a master archer and a long-standing member of the Avengers. In the MCU, he's portrayed by Jeremy Renner and is depicted as a highly skilled but grounded human among superpowered teammates.","Clint Barton, also known as Hawkeye, is a master archer and a member of the Avengers in Marvel Comics and the MCU, known for his precise aim and combat skills."
Why is Clint Barton considered a valuable member of the Avengers despite having no superpowers?,"To evaluate his value, I need to consider his skill set, contribution to the team, and character traits. While he lacks superhuman abilities, Clint brings strategic thinking, precision combat skills, and reliability. He often grounds the team emotionally and provides a tactical advantage with his archery and situational awareness.","Clint Barton is valuable to the Avengers because of his exceptional archery, combat skills, quick thinking, and the emotional grounding he brings to a team of superpowered individuals."
How does Clint Barton’s humanity affect his decisions as a hero?,"As a non-superpowered hero, Clint is deeply aware of human vulnerability. This influences him to be more empathetic and cautious, especially when civilians or his family are involved. His decisions often prioritize people’s safety over glory, making him relatable and morally grounded.","Clint’s humanity makes him a more empathetic and cautious hero, leading him to prioritize lives and personal responsibility over spectacle or heroism."
What does Clint Barton’s relationship with Natasha Romanoff reveal about his character?,"Their relationship is built on mutual respect, shared history, and emotional trust. Exploring this helps reveal Clint’s loyalty, capacity for forgiveness (as he helped redeem Natasha), and his commitment to those he cares about.","His close relationship with Natasha Romanoff shows Clint’s deep loyalty, emotional intelligence, and his belief in second chances."
Why did Clint Barton become Ronin after the Blip?,"After the loss of his family due to Thanos' snap, Clint’s grief turned into rage. He became Ronin to deal with his pain by eliminating criminals, showing how trauma can lead him to abandon his moral compass temporarily.","Clint became Ronin after the Blip because grief over his family's loss drove him to exact vengeance on criminals, reflecting a darker turn shaped by personal trauma."
How does Clint Barton’s role change from S.H.I.E.L.D. agent to Avenger to mentor?,"His evolution follows his growth from a tactical agent to a public hero and finally to a mentor figure, especially to Kate Bishop in Hawkeye. This trajectory shows maturity, resilience, and the transition from frontline action to guiding others.","Clint transitions from soldier to hero to mentor, showing personal growth and a willingness to pass on his knowledge and values to the next generation."
What does Clint Barton’s hearing loss in the MCU signify narratively?,Introducing hearing loss adds realism and vulnerability to his character. It highlights the physical toll of hero work and makes him more relatable and human. It also emphasizes the consequences of years of combat.,"Clint’s hearing loss shows the toll of his heroism, making him more human and emphasizing that even heroes have lasting physical consequences."
In what ways is Clint Barton a symbol of resilience?,"Despite personal loss, injury, and a lack of superpowers, Clint continually returns to fight for good. This persistence in adversity is the essence of resilience. His return to heroism after the Ronin phase further proves this.","Clint Barton embodies resilience by continuously fighting for justice despite personal loss, physical limitations, and moral struggles."
How does Clint Barton’s family influence his actions?,"His family serves as his emotional anchor. Many of his decisions, like retiring or returning from Ronin, are influenced by his desire to protect or be with them. They humanize him and contrast with the often solitary lives of other heroes.","Clint’s family grounds him emotionally and influences his choices, often serving as the reason behind his fight or retreat from hero life."
How does Clint Barton handle guilt and redemption?,"Clint struggles with guilt, especially from his time as Ronin and his failure to save Natasha. He seeks redemption by protecting others and training the next generation, like Kate Bishop. His journey is one of confronting past mistakes and moving forward.","Clint handles guilt through action and mentorship, seeking redemption by helping others and ensuring his past mistakes don’t define his future."
Why is Clint Barton a relatable hero compared to other Avengers?,"Unlike gods or geniuses in the Avengers, Clint is a regular human relying on skill and willpower. He faces real-world problems like hearing loss and family struggles. His grounded nature and humility make him easier to relate to.",Clint is relatable because he’s a regular human who faces everyday struggles and still stands beside gods and super soldiers through sheer skill and determination.